Ticker,Date,Close_Price,Market_Cap
A,2025-07-30,118.05,33533841140.4
A,2025-07-31,114.81,32613471421.68
A,2025-08-01,113.5,32241346628.0
A,2025-08-04,114.84,32621993363.52
A,2025-08-05,114.89,32636196599.92
AAPL,2025-07-23,214.15,3198507137900.0
AAPL,2025-07-24,213.76,3192682165760.0
AAPL,2025-07-25,213.88,3194474464880.0
AAPL,2025-07-28,214.05,3197013555300.0
AAPL,2025-07-29,211.27,3155491959020.0
ABBV,2025-07-29,191.22,337771586822.94
ABBV,2025-07-30,189.31,334397757041.37
ABBV,2025-07-31,189.02,333885500163.54
ABBV,2025-08-01,195.22,344837198930.94
ABBV,2025-08-04,197.19,348317012894.13
ABNB,2025-07-15,136.54,84465565521.75
ABNB,2025-07-16,136.71,84558147435.0
ABNB,2025-07-17,139.3,83539746389.25
ABNB,2025-07-18,139.34,85527171460.35
ABNB,2025-07-21,138.07,84274229567.7
ABT,2025-07-15,131.49,231781110451.8
ABT,2025-07-16,131.74,232442248584.0
ABT,2025-07-17,120.51,229693305823.8
ABT,2025-07-18,123.67,229710704195.7
ABT,2025-07-21,124.42,228771192113.1
ACGL,2025-07-24,88.0,32978398200.0
ACGL,2025-07-25,88.89,33311929727.25
ACGL,2025-07-28,86.5,32416266412.5
ACGL,2025-07-29,86.12,32273859693.0
ACGL,2025-07-30,85.61,32137994000.0
ADBE,2025-07-14,366.99,162146208000.0
ADBE,2025-07-15,364.18,158387796000.0
ADBE,2025-07-16,361.77,157560606000.0
ADBE,2025-07-17,366.45,154133070000.0
ADBE,2025-07-18,365.79,155677158000.0
ADI,2025-07-14,243.46,121655245249.4
ADI,2025-07-15,240.42,120449362133.12
ADM,2025-08-07,57.86,27799674986.38
ADM,2025-08-08,57.84,27790065696.72
ADP,2025-07-14,303.36,124577691668.1
ADP,2025-07-15,298.18,125190635019.09
ADP,2025-07-16,300.27,124139295099.18
ADP,2025-07-17,302.12,122852519984.85
ADP,2025-07-18,301.79,123140725136.64
AEE,2025-08-05,102.01,27584515735.18
AEE,2025-08-06,101.62,27479055867.16
AEE,2025-08-07,102.32,27668342809.76
AEE,2025-08-08,101.39,27416861586.02
AEP,2025-07-14,105.02,55534914902.96
AFL,2025-07-15,100.62,55097134803.48
AFL,2025-07-16,101.44,55297173463.84
AFL,2025-07-17,101.42,54913315493.96
AFL,2025-07-18,101.83,55508025024.76
AFL,2025-07-21,101.12,54399702717.36
AIG,2025-08-05,78.44,45207345594.4
AIG,2025-08-06,79.06,45564670355.6
AIG,2025-08-07,76.6,45564670355.6
AIG,2025-08-08,78.13,43284320800.5
AIZ,2025-08-08,203.27,10306261399.48
AJG,2025-07-24,309.06,79135740180.0
AJG,2025-07-25,315.14,80692542420.0
AJG,2025-07-28,309.12,79151103360.0
AJG,2025-07-29,288.35,73832882550.0
AJG,2025-07-30,285.84,73190189520.0
AKAM,2025-07-30,78.06,11110740822.36
AKAM,2025-07-31,76.31,10861652986.86
AKAM,2025-08-01,74.38,10586944688.28
AKAM,2025-08-04,75.5,10746360903.0
AKAM,2025-08-05,73.65,10483039476.9
ALGN,2025-07-31,129.01,9351269337.41
ALGN,2025-08-01,136.52,9895630493.32
ALGN,2025-08-04,137.77,9986236544.57
ALGN,2025-08-05,139.65,10124625000.0
ALGN,2025-08-06,136.9,9925250000.0
ALL,2025-08-01,199.77,52640460573.18
ALL,2025-08-04,203.03,53499487962.02
ALL,2025-08-05,205.55,54163521403.7
ALL,2025-08-06,209.01,55075249859.34
ALL,2025-08-07,205.0,54018593470.0
AMAT,2025-08-07,183.15,142957032376.38
AMAT,2025-08-08,184.87,142957032376.38
AMCR,2025-07-21,9.41,21630279921.28
AMCR,2025-07-22,9.69,22203115724.28
AMCR,2025-07-23,9.81,22478076909.72
AMCR,2025-07-24,9.76,22363509749.12
AMCR,2025-07-25,9.74,22317682884.88
AMD,2025-07-30,179.51,291058267044.45
AMD,2025-07-31,176.31,285869773620.45
AMD,2025-08-01,171.7,278395100281.5
AMD,2025-08-04,176.78,286631833592.1
AMD,2025-08-05,174.31,282626965230.45
AME,2025-07-14,178.36,41865285080.74
AMGN,2025-07-22,305.69,164371383211.42
AMGN,2025-07-23,309.22,166269485807.96
AMGN,2025-07-24,308.55,165909222708.9
AMGN,2025-07-25,306.58,164849941656.44
AMGN,2025-07-28,301.29,162005476292.22
AMP,2025-08-05,505.03,47674832000.0
AMP,2025-08-06,508.43,47930491792.95
AMP,2025-08-07,498.45,46989661574.25
AMP,2025-08-08,504.96,47603369462.4
AMT,2025-07-14,221.78,103318110671.5
ANET,2025-07-14,108.37,129849716751.09
ANET,2025-07-15,107.37,133479329686.68
ANET,2025-07-16,108.3,133491888900.99
AON,2025-07-23,357.28,77151013188.48
AON,2025-07-24,356.61,77006333444.76
AON,2025-07-25,372.89,80521835277.24
AON,2025-07-28,369.16,79600714548.52
AON,2025-07-29,354.03,76338284135.91
APA,2025-08-07,19.46,6516862867.2
APA,2025-08-08,20.01,6516862867.2
APH,2025-08-06,109.5,133690861654.5
APH,2025-08-07,108.55,133690861654.5
APH,2025-08-08,109.98,134276903787.78
APO,2025-07-14,148.53,82872378872.34
APO,2025-07-15,145.72,83809629416.1
APO,2025-07-16,152.71,84701160421.14
APTV,2025-07-14,70.48,15559020743.94
APTV,2025-07-15,69.3,15441446279.88
APTV,2025-07-16,70.13,15367417913.62
ARE,2025-07-15,77.32,13332252519.18
ARE,2025-07-16,78.15,13716287819.46
ARE,2025-07-17,78.89,13761264926.7
ARE,2025-07-18,78.17,13598655385.14
ARE,2025-07-21,78.27,13375499737.68
ATO,2025-07-25,156.84,24911973749.76
ATO,2025-07-28,154.68,24568886123.52
ATO,2025-07-29,156.11,24796022839.04
ATO,2025-07-30,156.2,24810318156.8
ATO,2025-07-31,155.92,24765843834.88
AVGO,2025-07-29,297.42,1398906338574.18
AVGO,2025-07-30,302.62,1423364387664.98
AVGO,2025-07-31,293.7,1381409426532.3
AVGO,2025-08-01,288.64,1357609863378.56
AVGO,2025-08-04,297.72,1400317379867.88
AVY,2025-07-14,180.45,14246714601.12
AVY,2025-07-15,177.18,14346779321.76
AVY,2025-07-16,178.18,14433554196.69
AVY,2025-07-17,180.8,14244369334.23
AVY,2025-07-18,178.6,14106780343.35
AWK,2025-07-21,142.84,27463485740.45
AWK,2025-07-22,144.91,28259133129.65
AWK,2025-07-23,141.88,27668247936.2
AWK,2025-07-24,140.51,27401082023.65
AWK,2025-07-25,140.32,27364029816.8
AXON,2025-07-25,735.01,57221125328.12
AXON,2025-07-28,736.29,57320774367.48
AXON,2025-07-29,728.74,56733000736.88
AXON,2025-07-30,748.6,58279117863.2
AXON,2025-07-31,755.49,58815509957.88
AXP,2025-07-21,302.97,216175813817.55
AXP,2025-07-22,304.14,211645620519.78
AXP,2025-07-23,308.66,214791008185.82
AXP,2025-07-24,308.25,214505696472.75
AXP,2025-07-25,311.61,216843860755.47
AZO,2025-07-28,3796.56,63511566423.84
AZO,2025-07-29,3873.85,64804528728.9
AZO,2025-07-30,3843.11,64290288060.54
AZO,2025-07-31,3768.38,63040151263.32
AZO,2025-08-01,3858.86,64553765306.04
BA,2025-07-14,230.51,164765276178.48
BA,2025-07-15,230.0,170857640408.4
BA,2025-07-16,229.9,170473097616.66
BA,2025-07-17,231.0,171038601722.16
BA,2025-07-18,229.34,173805801811.74
BAC,2025-07-28,48.23,358671051561.55
BAC,2025-07-29,47.95,356588781305.75
BAC,2025-07-30,47.96,356663148100.6
BAC,2025-07-31,47.27,351531839255.95
BAC,2025-08-01,45.66,338201214265.92
BALL,2025-07-14,58.2,16301052535.04
BALL,2025-07-15,57.6,16073570181.76
BALL,2025-07-16,58.29,16201182233.6
BALL,2025-07-17,58.07,16176214658.24
BALL,2025-07-18,57.85,16145698732.8
BAX,2025-08-08,23.69,12167682935.09
BDX,2025-07-14,177.09,50050252706.82
BDX,2025-07-15,178.31,50299601157.0
BDX,2025-07-16,178.27,50872815985.0
BDX,2025-07-17,180.9,50434306641.58
BEN,2025-07-17,24.52,13069714606.65
BEN,2025-07-18,24.6,13059204180.75
BEN,2025-07-21,24.28,12686084061.3
BEN,2025-07-22,24.56,12906803005.2
BEN,2025-07-23,24.75,13006652051.25
BF.B,2025-07-30,29.38,13889473826.54
BF.B,2025-07-31,28.85,13638914904.55
BF.B,2025-08-01,28.75,13591639636.25
BF.B,2025-08-04,29.65,14017117050.95
BF.B,2025-08-05,30.34,14343316402.22
BG,2025-07-16,73.0,15309286101.62
BG,2025-07-17,73.16,15349289462.22
BG,2025-07-18,74.42,14999260056.97
BG,2025-07-21,74.24,14843246950.63
BG,2025-07-22,75.68,15137271651.04
BIIB,2025-07-24,132.59,19428125244.88
BIIB,2025-07-25,131.52,19271340464.64
BIIB,2025-07-28,129.28,18943118120.96
BIIB,2025-07-29,127.9,18740909712.8
BIIB,2025-07-30,126.64,18556284644.48
BKNG,2025-07-29,5590.77,181925545480.26
BKNG,2025-07-30,5612.91,181913767615.35
BKNG,2025-07-31,5504.06,178385951633.1
BKNG,2025-08-01,5386.29,174569039476.65
BKNG,2025-08-04,5476.09,177479447149.65
BLK,2025-08-08,1124.97,174205358524.89
BMY,2025-07-14,47.34,95730201302.4
BMY,2025-07-15,46.43,96991951404.6
BMY,2025-07-16,47.17,98742120901.2
BMY,2025-07-17,48.06,95363886756.6
BMY,2025-07-18,47.36,96340725545.4
BRK.B,2025-07-24,480.6,1036815071718.6
BRK.B,2025-07-25,484.07,1044301023235.17
BRK.B,2025-07-28,481.7,1039188139922.7
BRK.B,2025-07-29,476.56,1028099439405.36
BRK.B,2025-07-30,476.0,1026891331956.0
BRO,2025-07-14,107.98,35372904138.0
BRO,2025-07-15,106.25,35663143351.44
BRO,2025-07-16,104.97,35557601819.28
BRO,2025-07-17,104.13,35207995494.0
BRO,2025-07-18,103.84,35613670758.24
BX,2025-07-14,163.36,119569829965.45
BX,2025-07-15,159.8,121351714863.56
BX,2025-07-16,165.92,125466110036.02
BX,2025-07-17,172.49,123890709654.0
BXP,2025-07-31,65.43,10361905504.11
BXP,2025-08-01,64.62,10233628819.74
BXP,2025-08-04,65.74,10410999049.98
BXP,2025-08-05,66.1,10468010909.7
BXP,2025-08-06,66.02,10455341607.54
C,2025-08-07,91.23,167945115234.54
C,2025-08-08,92.73,170706462081.54
CAG,2025-07-14,19.38,9859197846.75
CAG,2025-07-15,19.0,9730288238.1
CAG,2025-07-16,19.04,9305363972.55
CAG,2025-07-17,18.97,9262394103.0
CAG,2025-07-18,19.07,9252845243.1
CARR,2025-07-14,76.61,63892877407.8
CAT,2025-07-21,410.07,190308252697.92
CAT,2025-07-22,417.19,196210705671.82
CAT,2025-07-23,427.59,201101981443.02
CAT,2025-07-24,429.52,202009689350.56
CAT,2025-07-25,433.75,203999121707.5
CB,2025-08-07,269.31,107371282807.83
CB,2025-08-08,271.24,108140755073.32
CBOE,2025-08-05,248.79,26020978442.7
CBOE,2025-08-06,248.1,25948811253.0
CBOE,2025-08-07,249.5,26095237435.0
CBOE,2025-08-08,252.58,26417375035.4
CBRE,2025-07-14,141.02,41701887886.17
CCL,2025-08-05,29.28,39700229586.24
CCL,2025-08-06,29.24,39645994299.92
CCL,2025-08-07,29.01,39334141403.58
CCL,2025-08-08,28.37,38466376822.46
CDNS,2025-07-17,320.86,87537265200.0
CDNS,2025-07-18,315.57,86688104580.0
CDNS,2025-07-21,316.32,86838277680.0
CDNS,2025-07-22,319.6,87264223200.0
CDNS,2025-07-23,326.46,89137291320.0
CDW,2025-07-21,176.87,23146298815.5
CDW,2025-07-22,180.07,23712544960.5
CDW,2025-07-23,181.37,23883735655.5
CDW,2025-07-24,180.83,23812625674.5
CDW,2025-07-25,181.14,23853448071.0
CEG,2025-07-28,328.66,103007752824.2
CEG,2025-07-29,330.52,103590709132.4
CEG,2025-07-30,345.27,108213615339.9
CEG,2025-07-31,347.84,109019097980.8
CEG,2025-08-01,340.77,106803237174.9
CF,2025-08-05,92.72,15021569518.0
CF,2025-08-06,89.9,14564701247.5
CF,2025-08-07,82.89,13429010972.25
CF,2025-08-08,80.91,13105231789.05
CFG,2025-07-14,47.88,20611342578.54
CFG,2025-07-15,46.69,20546295210.84
CFG,2025-07-16,46.97,20771792752.2
CHD,2025-07-14,97.07,24145029923.4
CHD,2025-07-15,95.51,24231226990.65
CHD,2025-07-16,96.31,24403621125.15
CHTR,2025-08-06,262.04,35792301709.4
CHTR,2025-08-07,258.78,35347015098.3
CHTR,2025-08-08,256.57,35045149021.45
CI,2025-07-24,293.93,78521223536.21
CI,2025-07-25,296.37,79173051472.89
CI,2025-07-28,292.39,78109823936.83
CI,2025-07-29,292.17,78051052565.49
CI,2025-07-30,297.86,79571093942.42
CINF,2025-08-08,150.13,23476792234.86
CL,2025-07-25,87.93,71260240975.74
CL,2025-07-28,86.47,70077027603.46
CL,2025-07-29,86.86,70393091449.48
CL,2025-07-30,85.8,69534046124.4
CL,2025-07-31,83.85,67953726894.3
CLX,2025-07-24,131.42,16197883895.94
CLX,2025-07-25,130.81,16122699683.67
CLX,2025-07-28,127.24,15682687162.68
CLX,2025-07-29,127.04,15658036601.28
CLX,2025-07-30,126.18,15552039187.26
CME,2025-08-08,282.21,101702890597.8
CMG,2025-07-22,52.38,70574926320.0
CMG,2025-07-23,52.78,71113871920.0
CMG,2025-07-24,45.74,61332079900.0
CMG,2025-07-25,46.76,62699782600.0
CMG,2025-07-28,44.86,60152101100.0
CMI,2025-07-29,366.34,50465128966.98
CMI,2025-07-30,365.5,50349414853.5
CMI,2025-07-31,367.62,50641455235.14
CMI,2025-08-01,355.84,49018702548.48
CMI,2025-08-04,361.59,49810793206.23
CMS,2025-07-14,70.55,20750214190.65
CMS,2025-07-15,70.33,20866872451.2
CMS,2025-07-16,70.69,21100188972.3
CMS,2025-07-17,70.85,21043355460.75
CNP,2025-07-21,37.42,23524331463.92
CNP,2025-07-22,37.76,24647024308.48
CNP,2025-07-23,37.12,24229278133.76
CNP,2025-07-24,37.84,24704406983.52
CNP,2025-07-25,38.36,25043896720.08
COF,2025-08-04,210.79,134803852931.74
COF,2025-08-05,212.0,135577668872.0
COF,2025-08-06,212.88,136140444101.28
COF,2025-08-07,207.29,132565542360.74
COF,2025-08-08,208.23,133166688628.38
COIN,2025-07-14,394.01,90374415326.48
COIN,2025-07-15,388.02,95221450791.4
COIN,2025-07-16,398.2,99070042797.44
COIN,2025-07-17,410.75,98586103365.84
COIN,2025-07-18,419.78,100356302865.64
COP,2025-07-25,94.95,119865831968.7
COP,2025-07-28,97.02,122479020722.52
COP,2025-07-29,97.99,123703558447.74
COP,2025-07-30,96.67,122037177213.42
COP,2025-07-31,95.34,120358171878.84
COR,2025-08-04,293.64,56914328722.68
COR,2025-08-05,292.35,56664296424.45
COR,2025-08-06,283.78,55003229140.86
COR,2025-08-07,278.4,53975602070.4
COR,2025-08-08,285.13,55280400209.53
CPB,2025-07-18,30.98,9155571440.12
CPB,2025-07-21,30.79,9066132448.52
CPB,2025-07-22,32.21,9602766398.12
CPB,2025-07-23,33.31,9930709367.32
CPB,2025-07-24,32.76,9766737882.72
CPRT,2025-07-14,47.13,46906075741.14
CPRT,2025-07-15,45.9,46064841234.96
CPRT,2025-07-16,45.98,46403268909.86
CPRT,2025-07-17,45.89,45890792716.44
CPRT,2025-07-18,45.98,45571703765.82
CRL,2025-07-14,158.04,7779437623.68
CRM,2025-07-14,259.68,261609400000.0
CRM,2025-07-15,257.58,258999520000.0
CRM,2025-07-16,257.95,252355320000.0
CRM,2025-07-17,259.88,246714920000.0
CRM,2025-07-18,262.38,248254080000.0
CRWD,2025-07-28,472.18,117690002799.32
CRWD,2025-07-29,465.51,116027517478.74
CRWD,2025-07-30,463.15,115439291788.1
CRWD,2025-07-31,454.57,113300742455.18
CRWD,2025-08-01,446.66,111329189398.84
CSCO,2025-07-25,68.69,272012274984.2
CSCO,2025-07-28,67.92,268963076385.6
CSCO,2025-07-29,67.96,269121476312.8
CSCO,2025-07-30,68.28,270368875739.5
CSCO,2025-07-31,68.08,269596676094.4
CSGP,2025-07-29,95.59,40496738103.58
CSGP,2025-07-30,96.25,40776347342.5
CSGP,2025-07-31,95.19,40327277958.78
CSGP,2025-08-01,94.6,40077324245.2
CSGP,2025-08-04,96.83,41022064552.46
CSX,2025-07-14,33.98,62724646632.69
CSX,2025-07-15,33.48,62611933880.43
CSX,2025-07-16,33.26,63006428513.34
CSX,2025-07-17,34.5,64058414201.1
CSX,2025-07-18,34.39,63832988696.58
CTAS,2025-07-14,216.9,86931295264.27
CTAS,2025-07-15,213.24,87476407664.32
CTAS,2025-07-16,214.02,87444104707.28
CTAS,2025-07-17,221.92,86811117120.0
CTRA,2025-07-14,25.45,19218905433.2
CTRA,2025-07-15,24.64,19188375003.6
CTRA,2025-07-16,24.19,19157844574.0
CTRA,2025-07-17,24.45,19295231507.2
CTRA,2025-07-18,24.39,19424985833.0
CTVA,2025-07-14,73.11,52151896500.0
CTVA,2025-07-15,72.09,51981354000.0
CTVA,2025-07-16,72.98,51046781100.0
CTVA,2025-07-17,73.17,50187246900.0
CTVA,2025-07-18,73.05,49873448700.0
CVX,2025-07-14,151.65,265411680000.0
CVX,2025-07-15,150.69,265030640000.0
CZR,2025-08-04,25.36,5274665429.04
CZR,2025-08-05,25.17,5235147036.63
CZR,2025-08-06,24.88,5174829490.32
CZR,2025-08-07,24.14,5020915751.46
CZR,2025-08-08,24.04,5000116597.56
D,2025-07-18,58.09,48779620661.2
D,2025-07-21,57.69,48225306790.05
D,2025-07-22,58.51,49896776309.21
D,2025-07-23,58.29,49709162383.59
D,2025-07-24,58.75,50101446046.25
DAY,2025-07-31,57.67,9220341249.23
DAY,2025-08-01,55.27,8836626683.63
DAY,2025-08-04,55.14,8815842144.66
DAY,2025-08-05,53.21,8507271681.49
DAY,2025-08-06,53.4,8527581102.0
DE,2025-07-16,507.73,140613406956.0
DE,2025-07-17,499.14,138774491252.55
DE,2025-07-18,499.82,137474521388.55
DE,2025-07-21,496.24,136353297380.85
DE,2025-07-22,505.69,136954533442.95
DELL,2025-07-31,132.69,89749084190.37
DELL,2025-08-01,127.32,86116914606.36
DELL,2025-08-04,130.23,88085185274.79
DELL,2025-08-05,130.48,88254280693.04
DELL,2025-08-06,128.14,86671547578.22
DG,2025-08-01,108.53,23884263411.83
DG,2025-08-04,110.94,24414633584.34
DG,2025-08-05,110.86,24397027935.46
DG,2025-08-06,113.32,24938401638.52
DG,2025-08-07,115.63,25446764749.93
DGX,2025-07-16,167.03,19139901674.4
DGX,2025-07-17,168.18,18764806488.48
DGX,2025-07-18,166.91,18796064420.64
DGX,2025-07-21,166.45,18578375250.24
DGX,2025-07-22,178.24,19897906529.28
DHR,2025-07-15,192.86,143820961610.24
DHR,2025-07-16,193.3,147077258262.94
DHR,2025-07-17,194.79,146604916330.9
DHR,2025-07-18,190.05,141523662213.5
DHR,2025-07-21,188.07,138024037898.84
DIS,2025-07-29,119.91,215567760152.01
DIS,2025-07-30,119.54,214902594016.94
DIS,2025-07-31,119.11,214129563103.21
DIS,2025-08-01,116.59,209599242399.49
DIS,2025-08-04,119.35,214561022217.85
DLR,2025-07-16,172.98,57416213044.72
DLR,2025-07-17,176.76,56739262151.83
DLR,2025-07-18,177.98,57567769214.77
DLR,2025-07-21,177.11,57635127512.57
DLR,2025-07-22,179.34,60400185637.26
DOC,2025-08-08,16.96,11785901762.88
DOV,2025-07-17,190.59,25904499100.98
DOV,2025-07-18,188.24,25899014926.3
DOV,2025-07-21,186.98,25648113934.69
DOV,2025-07-22,189.54,25986761721.18
DOV,2025-07-23,190.9,26173223660.3
DOW,2025-08-01,21.79,15445714050.29
DOW,2025-08-04,21.59,15303945220.09
DOW,2025-08-05,22.38,15863932099.38
DOW,2025-08-06,21.3,15098380416.3
DOW,2025-08-07,21.61,15318122103.11
DPZ,2025-08-01,466.17,15825968502.57
DPZ,2025-08-04,467.98,15887416049.58
DPZ,2025-08-05,447.13,15179581046.73
DPZ,2025-08-06,443.78,15065852161.38
DPZ,2025-08-07,442.42,15019681628.82
DRI,2025-07-30,203.2,23781274256.0
DRI,2025-07-31,201.67,23602212496.1
DRI,2025-08-01,203.49,23815214066.7
DRI,2025-08-04,204.81,23969698722.3
DRI,2025-08-05,204.24,23813342988.72
DTE,2025-07-18,137.26,27838228740.3
DTE,2025-07-21,137.89,27672216194.7
DTE,2025-07-22,139.55,28958813423.1
DTE,2025-07-23,138.17,28672441781.94
DTE,2025-07-24,139.02,28848830111.64
DUK,2025-07-30,120.48,93643936251.36
DUK,2025-07-31,121.64,94545554495.48
DUK,2025-08-01,122.91,95532671021.37
DUK,2025-08-04,124.17,96512014976.19
DUK,2025-08-05,124.0,96379881268.0
DVA,2025-07-16,140.22,10842276420.0
DVA,2025-07-17,143.38,10773501350.0
DVA,2025-07-18,141.16,10838497570.0
DVA,2025-07-21,139.43,10620835810.0
DVA,2025-07-22,146.05,11038020850.0
DVN,2025-07-16,31.75,21799295000.0
DVN,2025-07-17,32.78,21812137000.0
DVN,2025-07-18,32.85,21317720000.0
DVN,2025-07-21,32.35,20656357000.0
DVN,2025-07-22,32.81,21067301000.0
DXCM,2025-07-31,80.77,31674380754.05
DXCM,2025-08-01,79.28,31090069409.2
DXCM,2025-08-04,76.25,29901838956.25
DXCM,2025-08-05,75.46,29592036296.9
DXCM,2025-08-06,76.4,29960662246.0
EA,2025-07-17,149.83,37361614945.06
EA,2025-07-18,150.11,37396793007.42
EA,2025-07-21,153.39,37374178538.76
EA,2025-07-22,157.02,39454709655.48
EA,2025-07-23,153.73,38628025190.02
ECL,2025-07-16,267.72,75638331356.22
ECL,2025-07-17,269.01,75686528501.28
ECL,2025-07-18,268.75,76046589526.14
ECL,2025-07-21,268.11,75082646624.94
ECL,2025-07-22,270.55,76704338799.9
EIX,2025-07-31,52.12,20053882063.44
EIX,2025-08-01,53.13,20446230791.91
EIX,2025-08-04,55.22,21250533866.54
EIX,2025-08-05,55.28,21273623906.96
EIX,2025-08-06,54.91,21131235324.37
EL,2025-08-04,92.5,33277058150.0
EL,2025-08-05,90.92,32708650021.6
EL,2025-08-06,90.15,32431640997.0
EL,2025-08-07,91.22,32816575615.6
EL,2025-08-08,90.69,32625907066.2
ELV,2025-07-31,283.08,63743474296.32
ELV,2025-08-01,274.66,61847472976.64
ELV,2025-08-04,274.93,61908271118.72
ELV,2025-08-05,276.41,62241535008.64
ELV,2025-08-06,276.3,62216765395.2
EMN,2025-07-16,77.55,9416929670.88
EMN,2025-07-17,78.21,9266831478.48
EMN,2025-07-18,77.75,9114424083.12
EMN,2025-07-21,77.48,8905441215.24
EMN,2025-07-22,79.07,9129433902.36
ENPH,2025-07-17,38.74,5491669738.39
ENPH,2025-07-18,39.58,5508070615.64
ENPH,2025-07-21,39.66,5281082474.5
ENPH,2025-07-22,42.5,5576298265.0
ENPH,2025-07-23,36.48,4769788126.08
EPAM,2025-07-17,164.48,9624160845.88
EPAM,2025-07-18,164.7,9523319038.1
EPAM,2025-07-21,165.5,9236089844.03
EPAM,2025-07-22,168.73,9559010239.73
EPAM,2025-07-23,171.06,9691011033.06
EQIX,2025-07-17,775.57,74019630489.7
EQIX,2025-07-18,777.78,74361996958.2
EQIX,2025-07-21,789.19,74338520400.36
EQIX,2025-07-22,800.55,78308993245.05
EQIX,2025-07-23,796.21,77884458824.11
EQR,2025-08-04,62.67,23811069798.9
EQR,2025-08-05,63.41,24094559700.4
EQR,2025-08-06,63.4,24090759896.0
EQR,2025-08-07,63.89,24399466861.73
EQR,2025-08-08,63.2,24135957202.4
EQT,2025-08-01,52.34,32663143380.0
EQT,2025-08-04,51.87,32369836590.0
EQT,2025-08-05,51.69,32257506330.0
EQT,2025-08-06,51.46,32113973220.0
EQT,2025-08-07,51.24,31976680680.0
ES,2025-08-05,65.88,24449068124.28
ES,2025-08-06,65.43,24282066292.83
ES,2025-08-07,65.93,24467623883.33
ES,2025-08-08,65.04,24137331372.24
ESS,2025-07-17,287.02,18454723283.51
ESS,2025-07-18,287.37,18320158263.58
ESS,2025-07-21,285.0,18055535186.11
ESS,2025-07-22,292.06,18804334794.62
ESS,2025-07-23,292.58,18837815086.66
ETN,2025-07-31,384.72,150540936000.0
ETN,2025-08-01,381.29,149198777000.0
ETN,2025-08-04,384.76,150556588000.0
ETN,2025-08-05,356.45,139478885000.0
ETN,2025-08-06,358.16,139431688000.0
ETR,2025-08-01,89.67,40029501217.23
ETR,2025-08-04,91.62,40899998901.78
ETR,2025-08-05,90.4,40355379837.6
ETR,2025-08-06,90.28,40301810749.32
ETR,2025-08-07,90.53,40413413016.57
EVRG,2025-07-18,68.9,15761212813.0
EVRG,2025-07-21,69.06,15584042975.54
EVRG,2025-07-22,69.78,16055728906.44
EVRG,2025-07-23,69.55,16002808045.9
EVRG,2025-07-24,69.77,16053427999.46
EXC,2025-07-14,43.43,43410033552.0
EXE,2025-07-21,99.41,25585169486.89
EXE,2025-07-22,99.61,23705131918.79
EXE,2025-07-23,98.7,23488570629.3
EXE,2025-07-24,99.6,23702752124.4
EXE,2025-07-25,98.17,23362441526.63
EXPD,2025-07-14,114.98,16066745812.6
EXPE,2025-08-05,181.84,23115663728.64
EXPE,2025-08-06,185.14,23535162685.44
EXPE,2025-08-07,187.61,23849151298.56
EXPE,2025-08-08,195.26,24308396177.52
EXR,2025-07-21,147.8,31396599843.95
EXR,2025-07-22,151.33,32113872621.73
EXR,2025-07-23,150.98,32039598813.38
EXR,2025-07-24,150.51,31939859699.31
EXR,2025-07-25,150.86,32014133507.66
F,2025-07-31,11.07,44057053487.79
F,2025-08-01,10.82,43062088413.54
F,2025-08-04,10.95,43579470252.15
F,2025-08-05,11.06,44017254884.82
F,2025-08-06,11.21,44614233929.37
FCX,2025-08-04,40.42,56588000000.0
FCX,2025-08-05,40.03,56042000000.0
FCX,2025-08-06,39.86,55804000000.0
FCX,2025-08-07,40.8,57120000000.0
FCX,2025-08-08,41.87,58618000000.0
FDS,2025-07-21,423.08,16413810932.1
FDS,2025-07-22,417.23,15774120316.02
FDS,2025-07-23,416.26,15737447745.24
FDS,2025-07-24,421.46,15934042970.04
FDS,2025-07-25,419.54,15861453963.96
FDX,2025-08-05,222.41,52466318386.18
FDX,2025-08-06,226.45,53419350742.1
FDX,2025-08-07,224.66,52997091356.68
FDX,2025-08-08,228.05,53796789298.9
FE,2025-07-14,40.46,23022762573.16
FFIV,2025-07-14,294.15,17367881083.7
FI,2025-07-16,165.71,94087419932.8
FI,2025-07-17,167.35,91769886548.48
FI,2025-07-18,165.74,92590448608.0
FI,2025-07-21,165.46,91160009342.08
FI,2025-07-22,165.98,92024926107.52
FICO,2025-08-04,1360.99,32668735779.44
FICO,2025-08-05,1343.12,32239790446.72
FICO,2025-08-06,1393.61,33451735038.16
FICO,2025-08-07,1333.62,32011755714.72
FICO,2025-08-08,1320.88,31705949137.28
FIS,2025-07-14,79.5,41952794982.05
FITB,2025-07-21,42.96,28557956700.0
FITB,2025-07-22,42.64,28471154400.0
FITB,2025-07-23,42.74,28537925400.0
FITB,2025-07-24,42.69,28504539900.0
FITB,2025-07-25,42.84,28604696400.0
FOXA,2025-08-01,55.54,24971794050.44
FOXA,2025-08-04,56.98,25619244238.28
FOXA,2025-08-05,54.89,24679542229.54
FOXA,2025-08-06,54.2,24369305681.2
FOXA,2025-08-07,53.87,24001022111.33
FRT,2025-07-21,94.37,8021386212.6
FRT,2025-07-22,96.04,8284481469.6
FRT,2025-07-23,95.63,8249114566.2
FRT,2025-07-24,94.71,8169754685.4
FRT,2025-07-25,94.24,8129212137.6
FSLR,2025-08-05,186.84,20038151112.84
FSLR,2025-08-06,185.01,19841887911.51
FSLR,2025-08-07,185.6,19905164025.6
FSLR,2025-08-08,184.65,19803278757.15
FTV,2025-07-16,50.32,18034153723.74
FTV,2025-07-17,51.27,17908397280.51
FTV,2025-07-18,50.53,17731658495.43
FTV,2025-07-21,50.14,17384978570.85
FTV,2025-07-22,51.08,17361186811.32
GD,2025-07-24,314.24,84528467790.08
GD,2025-07-25,314.02,84469289254.84
GD,2025-07-28,313.1,84221815380.2
GD,2025-07-29,314.7,84652204727.4
GD,2025-07-30,312.18,83974341505.56
GDDY,2025-08-08,133.35,18517381050.0
GE,2025-08-06,272.28,288736436292.36
GE,2025-08-07,272.02,288460722051.74
GE,2025-08-08,275.01,291631435818.87
GEHC,2025-07-14,74.45,34432951849.6
GEHC,2025-07-15,74.39,34574896198.98
GEN,2025-08-07,28.27,17405164845.31
GEN,2025-08-08,30.45,18747338858.85
GEV,2025-07-23,629.03,171684142018.32
GEV,2025-07-24,623.97,169859571841.8
GEV,2025-07-25,644.59,175472829484.6
GEV,2025-07-28,647.66,176308556980.4
GEV,2025-07-29,632.67,172227920119.8
GILD,2025-08-08,119.41,148164753839.56
GIS,2025-08-07,50.15,27202738623.5
GIS,2025-08-08,49.83,27029161826.7
GL,2025-07-24,131.52,10856039183.04
GL,2025-07-25,135.13,11154018969.01
GL,2025-07-28,134.16,11073952378.32
GL,2025-07-29,143.27,11825917987.79
GL,2025-07-30,141.05,11642672800.85
GLW,2025-07-28,55.41,47457082878.27
GLW,2025-07-29,61.98,53022120285.06
GLW,2025-07-30,62.61,53561067296.67
GLW,2025-07-31,63.24,54100014308.28
GLW,2025-08-01,62.05,53082003286.35
GM,2025-07-14,53.33,50177279184.98
GM,2025-07-15,52.71,50542624386.94
GM,2025-07-16,53.18,51100256537.3
GNRC,2025-07-14,148.69,8814981881.6
GNRC,2025-07-15,146.81,8916602316.16
GNRC,2025-07-16,146.72,8979819679.52
GOOG,2025-07-17,184.7,2200151750225.36
GOOG,2025-07-18,185.94,2218353877109.36
GOOG,2025-07-21,191.15,2221872954973.6
GOOG,2025-07-22,192.11,2331207063790.16
GOOG,2025-07-23,191.51,2323926213036.56
GPC,2025-07-24,133.21,18528484483.74
GPC,2025-07-25,133.7,18596639707.8
GPC,2025-07-28,133.07,18509011562.58
GPC,2025-07-29,133.46,18563257557.24
GPC,2025-07-30,132.03,18364355576.82
GPN,2025-07-14,79.49,19671362574.52
GPN,2025-07-15,77.61,19668923774.3
GPN,2025-07-16,82.66,19807935386.84
GPN,2025-07-17,83.04,19217745733.6
GS,2025-07-14,713.3,213954181731.84
GS,2025-07-15,702.51,213733256119.68
GS,2025-07-16,708.82,217587180687.36
GS,2025-07-17,705.84,216307653183.6
GWW,2025-07-14,1057.57,49798408980.06
GWW,2025-07-15,1039.38,50214908956.77
GWW,2025-07-16,1039.65,50338850126.31
GWW,2025-07-17,1022.17,50897065781.37
GWW,2025-07-18,1028.35,50804830492.41
HAL,2025-07-24,22.42,19274810681.14
HAL,2025-07-25,22.45,19140917189.9
HAL,2025-07-28,22.84,19473432009.68
HAL,2025-07-29,23.08,19678056514.16
HAL,2025-07-30,22.4,19098287084.8
HAS,2025-07-14,75.79,10721299093.33
HAS,2025-07-15,74.84,10745121088.44
HAS,2025-07-16,75.92,10803975429.3
HBAN,2025-07-22,16.66,24414336659.6
HBAN,2025-07-23,16.82,24656207902.4
HBAN,2025-07-24,16.64,24392348364.8
HBAN,2025-07-25,16.84,24685525628.8
HBAN,2025-07-28,16.64,24392348364.8
HCA,2025-07-24,341.48,82151175372.0
HCA,2025-07-25,334.32,80428666248.0
HCA,2025-07-28,340.54,81925035906.0
HCA,2025-07-29,344.5,82877708550.0
HCA,2025-07-30,355.06,85418168934.0
HIG,2025-08-07,127.21,35767846359.76
HIG,2025-08-08,128.16,36034959432.96
HII,2025-08-07,266.45,10455666129.95
HII,2025-08-08,264.69,10386602619.39
HLT,2025-07-14,278.65,64882519938.56
HLT,2025-07-15,274.34,64780309052.08
HLT,2025-07-16,273.47,65956922745.28
HLT,2025-07-17,272.21,65916513790.16
HOLX,2025-07-25,66.5,14819208859.0
HOLX,2025-07-28,65.69,14638704209.74
HOLX,2025-07-29,66.04,14716700045.84
HOLX,2025-07-30,64.98,14480484085.08
HOLX,2025-07-31,66.82,14862056423.24
HON,2025-07-14,238.06,154253021166.2
HON,2025-07-15,235.3,153558303639.68
HON,2025-07-16,236.88,152303952550.13
HON,2025-07-17,238.37,151763616696.17
HON,2025-07-18,236.54,153133754040.14
HPE,2025-08-08,20.81,27307207052.2
HPQ,2025-07-23,25.88,24308382082.64
HPQ,2025-07-24,25.69,24129920235.82
HPQ,2025-07-25,25.68,24120527507.04
HPQ,2025-07-28,25.85,24280203896.3
HPQ,2025-07-29,25.67,24111134778.26
HRL,2025-07-22,29.45,16194395646.05
HRL,2025-07-23,29.52,16232888267.28
HRL,2025-07-24,29.3,16111911457.7
HRL,2025-07-25,29.24,16078917782.36
HRL,2025-07-28,28.55,15699490515.95
HSIC,2025-07-14,70.68,9244097417.1
HSIC,2025-07-15,70.64,9270348403.68
HSIC,2025-07-16,69.32,9316600141.94
HSIC,2025-07-17,69.5,9177844927.16
HST,2025-08-06,15.3,10519406033.4
HST,2025-08-07,15.27,10498779747.06
HST,2025-08-08,15.35,10553783177.3
HSY,2025-07-25,187.12,37911221184.8
HSY,2025-07-28,184.56,37392555482.4
HSY,2025-07-29,186.23,37730903811.7
HSY,2025-07-30,188.83,38257673665.7
HSY,2025-07-31,186.13,37733060743.77
HUBB,2025-08-06,423.57,22508513612.13
HUBB,2025-08-07,417.84,22204021360.56
HUBB,2025-08-08,418.65,22247064767.85
HUM,2025-07-14,227.46,28663493377.75
HUM,2025-07-15,221.9,28568145532.5
HWM,2025-07-14,184.32,72443347166.52
HWM,2025-07-15,184.68,73234548328.04
IBM,2025-07-14,283.79,269915353311.5
IBM,2025-07-15,282.7,269655122270.5
IBM,2025-07-16,281.92,267136457552.25
ICE,2025-08-08,186.4,106699663603.2
IDXX,2025-08-07,650.06,52007851381.64
IDXX,2025-08-08,658.06,52647888933.64
IEX,2025-07-23,184.4,13930425346.4
IEX,2025-07-24,183.66,13874522337.96
IEX,2025-07-25,185.69,14027877888.14
IEX,2025-07-28,184.43,13932691684.58
IEX,2025-07-29,185.18,13989350139.08
IFF,2025-07-14,74.63,19486108482.1
IFF,2025-07-15,73.65,19580750909.75
IFF,2025-07-16,74.22,19598656233.9
IFF,2025-07-17,75.03,19427276702.75
INCY,2025-07-24,70.49,13644744647.66
INCY,2025-07-25,70.2,13588609366.8
INCY,2025-07-28,70.16,13580866569.44
INCY,2025-07-29,77.38,14977473643.25
INCY,2025-07-30,77.55,15143665044.75
INTC,2025-07-23,23.49,102463380000.0
INTC,2025-07-24,22.63,98712060000.0
INTC,2025-07-25,20.7,90603900000.0
INTC,2025-07-28,20.68,90516360000.0
INTC,2025-07-29,20.41,89334570000.0
INTU,2025-07-14,752.75,217991501560.0
INTU,2025-07-15,745.95,214674821730.0
INTU,2025-07-16,750.72,208624461300.0
INTU,2025-07-17,755.37,208624461300.0
INTU,2025-07-18,752.63,209977354250.0
INVH,2025-07-14,32.31,19755357486.04
INVH,2025-07-15,31.86,19779875459.96
INVH,2025-07-16,32.21,19847299888.24
INVH,2025-07-17,32.26,19828911407.8
INVH,2025-07-18,32.24,19804393433.88
IP,2025-07-24,54.8,28929003186.4
IP,2025-07-25,55.68,29393556522.24
IP,2025-07-28,55.5,29298534249.0
IP,2025-07-29,54.44,28738958639.92
IP,2025-07-30,53.63,28311358410.34
IQV,2025-07-28,197.76,33619200000.0
IQV,2025-07-29,194.55,33073500000.0
IQV,2025-07-30,191.54,32561800000.0
IQV,2025-07-31,185.86,31596200000.0
IQV,2025-08-01,182.45,31016500000.0
IR,2025-08-08,75.89,30162671363.35
ISRG,2025-07-25,495.86,177754160265.16
ISRG,2025-07-28,493.95,177069470138.7
ISRG,2025-07-29,496.87,178116221536.22
ISRG,2025-07-30,500.51,179421076018.06
ISRG,2025-07-31,481.09,172459462271.54
IT,2025-07-21,353.1,27698091618.19
IT,2025-07-22,356.52,27440252379.24
IT,2025-07-23,357.98,27552624107.26
IT,2025-07-24,356.14,27411004943.18
IT,2025-07-25,356.64,27449488411.68
ITW,2025-07-14,257.62,75659085984.1
ITW,2025-07-15,256.37,76201813045.25
ITW,2025-07-16,256.82,76897090415.48
J,2025-07-14,136.04,15979571176.14
J,2025-07-15,133.72,16124960161.2
J,2025-07-16,137.73,16366474095.06
J,2025-07-17,139.3,16237906976.04
J,2025-07-18,138.67,16346047543.44
JBHT,2025-07-14,152.2,15181732152.55
JBHT,2025-07-15,148.86,15144038207.97
JBHT,2025-07-16,151.44,14970933340.0
JBHT,2025-07-17,152.69,14865422430.0
JBHT,2025-07-18,148.89,14732807800.0
JBL,2025-07-28,224.79,24124201369.23
JBL,2025-07-29,230.38,24724113668.06
JBL,2025-07-30,226.42,24299131073.54
JBL,2025-07-31,223.17,23950344853.29
JBL,2025-08-01,218.56,23455605014.72
JNJ,2025-07-28,166.22,400314087303.84
JNJ,2025-07-29,168.11,404865847771.92
JNJ,2025-07-30,167.26,402818759730.72
JNJ,2025-07-31,164.74,396749745773.28
JNJ,2025-08-01,167.33,402987343451.76
JPM,2025-07-14,288.7,785866570321.86
JPM,2025-07-15,286.55,778597714474.92
JPM,2025-07-16,285.82,792428575132.53
JPM,2025-07-17,289.9,788771508596.82
JPM,2025-07-18,291.27,793830908916.9
K,2025-07-29,80.14,27803697390.36
K,2025-07-30,79.8,27685738105.2
K,2025-07-31,79.83,27754432236.0
K,2025-08-01,79.92,27785722464.0
K,2025-08-04,80.09,27844826228.0
KDP,2025-07-14,33.26,46219339301.78
KDP,2025-07-15,32.74,45703225609.9
KDP,2025-07-16,33.21,45703225609.9
KDP,2025-07-17,33.89,45485914581.74
KDP,2025-07-18,33.54,45173529978.76
KEY,2025-07-29,18.39,20458010670.0
KEY,2025-07-30,18.16,20202146480.0
KEY,2025-07-31,17.92,19935157760.0
KEY,2025-08-01,17.65,19634795450.0
KEY,2025-08-04,17.83,19835036990.0
KIM,2025-07-29,21.93,14835563859.0
KIM,2025-07-30,21.9,14815268970.0
KIM,2025-07-31,21.23,14362016449.0
KIM,2025-08-01,20.74,14045231928.14
KIM,2025-08-04,21.05,14255070040.85
KKR,2025-07-14,139.43,122855144099.82
KKR,2025-07-15,137.21,123995165735.66
KKR,2025-07-16,143.05,127406324224.15
KKR,2025-07-17,147.6,125625040418.15
KKR,2025-07-18,145.98,124182200535.29
KLAC,2025-07-29,916.09,121145051608.7
KLAC,2025-07-30,924.99,122322000335.7
KLAC,2025-07-31,879.03,116244184212.9
KLAC,2025-08-01,886.64,117250541495.2
KLAC,2025-08-04,915.62,121082898136.6
KMB,2025-07-14,127.46,43600626999.0
KMB,2025-07-15,126.75,43630490442.15
KMB,2025-07-16,127.63,43783125818.25
KMB,2025-07-17,127.91,42930358608.3
KMB,2025-07-18,127.53,42293271821.1
KMX,2025-07-21,61.47,9451544132.96
KMX,2025-07-22,63.53,9534083816.56
KMX,2025-07-23,62.83,9429033310.16
KMX,2025-07-24,60.22,9037344993.44
KMX,2025-07-25,60.72,9112381069.44
KO,2025-07-24,69.1,297424831595.8
KO,2025-07-25,69.17,297684663820.84
KO,2025-07-28,68.09,293036703188.68
KO,2025-07-29,69.38,298588433943.76
KO,2025-07-30,68.75,295877123575.0
KR,2025-07-15,71.88,46452809177.88
KR,2025-07-16,71.91,46750329304.98
KR,2025-07-17,72.22,46664379046.04
KR,2025-07-18,71.39,47781732412.26
KR,2025-07-21,72.02,47523881635.44
L,2025-08-07,93.23,19338362805.85
L,2025-08-08,93.77,19450373059.15
LDOS,2025-08-05,172.94,22187506262.38
LDOS,2025-08-06,174.49,22386601460.68
LDOS,2025-08-07,175.27,22486673379.64
LDOS,2025-08-08,176.5,22644479098.0
LEN,2025-07-14,112.89,28599534499.86
LEN,2025-07-29,115.86,30008531671.38
LEN,2025-07-30,112.37,29104597824.21
LEN,2025-07-31,112.18,29055386525.94
LEN,2025-08-01,115.98,30039612491.34
LEN,2025-08-04,118.77,30762241555.41
LHX,2025-07-22,264.42,49432165071.12
LHX,2025-07-23,269.6,50400543465.6
LHX,2025-07-24,273.22,51077286667.92
LHX,2025-07-25,269.28,50380887205.44
LHX,2025-07-28,269.47,50416435217.06
LHX,2025-07-30,274.12,51286426027.76
LHX,2025-07-31,274.82,51417392386.36
LHX,2025-08-01,278.26,52060998491.48
LHX,2025-08-04,278.06,52023579531.88
LHX,2025-08-05,278.22,52053514699.56
LII,2025-08-08,582.19,20449005155.39
LIN,2025-07-24,471.49,221941878945.83
LIN,2025-07-25,472.89,222600893199.63
LIN,2025-07-28,467.46,220044859343.82
LIN,2025-07-29,471.51,221951293435.17
LIN,2025-07-30,466.23,219465868249.41
LKQ,2025-07-14,38.38,9964500255.0
LKQ,2025-07-15,37.49,10029037173.75
LKQ,2025-07-16,37.35,10121970336.75
LLY,2025-07-14,799.34,698133106356.66
LLY,2025-07-15,771.75,706446138484.92
LLY,2025-07-16,789.8,709794692463.15
LLY,2025-07-17,761.5,711913348599.51
LMT,2025-07-23,419.39,97912909835.84
LMT,2025-07-24,420.55,98183729300.8
LMT,2025-07-25,421.17,98328477635.52
LMT,2025-07-28,421.34,98368166695.04
LMT,2025-07-29,420.13,98085673977.28
LNT,2025-07-17,63.22,15946880641.92
LNT,2025-07-18,64.13,16077887554.41
LNT,2025-07-21,64.56,15887799093.15
LNT,2025-07-22,65.74,16887047896.26
LNT,2025-07-23,64.85,16658427990.15
LOW,2025-07-14,222.4,125353091188.53
LOW,2025-07-15,215.01,126417922740.63
LOW,2025-07-16,216.6,127729346862.69
LRCX,2025-07-14,99.62,127694349940.0
LRCX,2025-07-15,101.07,127668767580.0
LRCX,2025-07-16,100.37,129267665080.0
LRCX,2025-07-17,100.79,130124674140.0
LRCX,2025-07-18,100.66,127425735160.0
LRCX,2025-08-08,101.75,129094295000.0
LULU,2025-07-24,218.69,26208988557.79
LULU,2025-07-25,219.43,26297674147.13
LULU,2025-07-28,216.59,25957313236.69
LULU,2025-07-29,214.04,25651707489.64
LULU,2025-07-30,206.47,24744477879.77
LVS,2025-07-25,52.41,37034350209.96
LVS,2025-07-28,52.49,36031949778.94
LVS,2025-07-29,52.34,35928981738.04
LVS,2025-07-30,52.97,36361447509.82
LVS,2025-07-31,52.4,35970168954.4
LW,2025-07-14,51.07,7385991289.1
LW,2025-07-15,49.79,7233586424.9
LW,2025-07-16,50.0,7250520298.7
LW,2025-07-17,50.49,7242053361.8
LYV,2025-08-07,148.27,34364803896.38
LYV,2025-08-08,153.13,35518520038.04
MA,2025-07-30,559.11,507717806972.73
MA,2025-07-31,566.47,513119280432.95
MA,2025-08-01,559.89,506147187417.93
MA,2025-08-04,569.81,515114984840.97
MA,2025-08-05,566.04,511706860215.48
MAA,2025-07-21,150.02,17257818775.02
MAA,2025-07-22,153.2,17933241784.8
MAA,2025-07-23,152.73,17878224659.22
MAA,2025-07-24,151.68,17755314059.52
MAA,2025-07-25,151.65,17751802328.1
MAR,2025-07-14,282.87,76679957475.24
MAR,2025-07-15,274.9,76469057463.61
MAR,2025-07-16,273.6,77320874393.7
MAR,2025-07-17,271.6,77142841916.35
MAR,2025-07-18,272.58,77476995181.53
MAS,2025-07-14,65.91,13827249542.1
MAS,2025-07-15,64.44,14109911851.58
MAS,2025-07-16,64.98,14238586485.0
MAS,2025-07-17,65.88,13890532148.7
MAS,2025-07-18,65.56,13903188670.02
MCD,2025-07-31,300.07,214559870390.89
MCD,2025-08-01,302.89,216576262681.03
MCD,2025-08-04,304.23,217534406535.21
MCD,2025-08-05,298.77,213630327845.79
MCD,2025-08-06,307.66,219986968788.82
MCHP,2025-07-18,74.78,39962900723.7
MCHP,2025-07-21,73.85,39455606642.94
MCHP,2025-07-22,75.26,40615906934.04
MCHP,2025-07-23,70.25,37912137418.5
MCHP,2025-07-24,67.81,36595331506.74
MCO,2025-07-14,503.42,89792563451.1
MCO,2025-07-15,495.28,90368364427.1
MCO,2025-07-16,500.23,90998146744.6
MDLZ,2025-07-14,67.64,88293460284.87
MDLZ,2025-07-15,66.74,86558407685.05
MDT,2025-07-17,89.53,115211322093.76
MDT,2025-07-18,89.61,114967881800.19
MDT,2025-07-21,89.7,114314436801.66
MDT,2025-07-22,91.65,117427910029.95
MDT,2025-07-23,92.01,117889165323.03
MET,2025-07-16,76.59,52609610623.62
MET,2025-07-17,77.33,52159841080.2
MET,2025-07-18,77.15,52294100645.4
MET,2025-07-21,76.33,51159607319.46
MET,2025-07-22,77.51,52032294493.26
MHK,2025-07-14,112.18,6828321613.32
MKC,2025-07-16,71.38,19440643333.32
MKC,2025-07-17,71.72,19309142570.85
MKC,2025-07-18,71.42,19311826259.88
MKC,2025-07-21,70.74,18987099887.25
MKC,2025-07-22,72.5,19456745467.5
MMC,2025-07-28,206.27,101407291349.61
MMC,2025-07-29,202.92,99760350805.56
MMC,2025-07-30,200.56,98600118064.08
MMC,2025-07-31,199.2,97931509365.6
MMC,2025-08-01,197.78,97233403224.54
MMM,2025-07-14,157.91,82740002593.88
MMM,2025-07-15,156.59,83945528844.76
MMM,2025-07-16,157.56,84666691869.84
MMM,2025-07-17,159.04,83870183454.08
MMM,2025-07-18,153.23,84984218873.42
MMM,2025-07-30,146.62,78094166907.24
MMM,2025-07-31,149.22,79479004132.44
MMM,2025-08-01,144.41,76917055265.82
MMM,2025-08-04,147.87,78759954034.74
MMM,2025-08-05,150.09,79942391973.18
MNST,2025-08-07,60.8,59294966467.2
MNST,2025-08-08,64.69,63163186620.0
MO,2025-08-04,61.94,104052445628.82
MO,2025-08-05,62.52,105026782381.56
MO,2025-08-06,63.15,106085113681.95
MO,2025-08-07,63.55,106757070063.15
MO,2025-08-08,64.19,107832200273.07
MOH,2025-07-22,180.64,9790688000.0
MOH,2025-07-23,190.25,10311550000.0
MOH,2025-07-24,158.22,8575524000.0
MOH,2025-07-25,165.02,8944084000.0
MOH,2025-07-28,164.19,8899098000.0
MOS,2025-08-07,31.68,10054545367.68
MOS,2025-08-08,31.98,10149758865.48
MPC,2025-07-25,171.57,52708676469.96
MPC,2025-07-28,174.8,53700977134.4
MPC,2025-07-29,175.43,53894521846.04
MPC,2025-07-30,170.78,52465977545.84
MPC,2025-07-31,170.19,52284721387.32
MPWR,2025-07-23,720.01,34474078800.0
MPWR,2025-07-24,713.0,34138440000.0
MPWR,2025-07-25,714.68,34218878400.0
MPWR,2025-07-28,738.55,35361774000.0
MPWR,2025-07-29,724.37,34682835600.0
MRK,2025-08-01,79.29,199099668050.37
MRK,2025-08-04,79.86,200530955864.58
MRK,2025-08-05,80.79,202866214929.87
MRK,2025-08-06,79.44,198423898281.84
MRK,2025-08-07,80.37,200746836668.07
MRNA,2025-08-05,27.47,10688020924.79
MRNA,2025-08-06,26.71,10392320309.47
MRNA,2025-08-07,26.61,10353412333.77
MRNA,2025-08-08,26.12,10162763252.84
MS,2025-07-23,142.21,227251580000.0
MS,2025-07-24,142.5,227715000000.0
MS,2025-07-25,143.01,228529980000.0
MS,2025-07-28,142.56,227810880000.0
MS,2025-07-29,143.56,229408880000.0
MSCI,2025-07-23,530.86,41070108652.1
MSCI,2025-07-24,543.31,42033305827.85
MSCI,2025-07-25,546.29,42263854228.15
MSCI,2025-07-28,552.79,42766728255.65
MSCI,2025-07-29,557.21,43108682594.35
MSI,2025-07-14,413.62,69663980374.8
MSI,2025-07-15,408.73,69750776593.4
MSI,2025-07-16,416.29,69724070064.6
MTB,2025-07-14,203.05,32231621032.8
MTB,2025-07-15,197.28,32164204295.58
MTB,2025-07-16,192.52,31940354600.0
MTB,2025-07-17,195.6,31605376120.0
MTB,2025-07-18,196.19,31783822600.0
MTD,2025-08-01,1197.23,24881774882.78
MTD,2025-08-04,1231.88,25375545395.2
MTD,2025-08-05,1243.94,25623969817.6
MTD,2025-08-06,1221.84,25168731033.6
MTD,2025-08-07,1236.96,25480188518.4
MU,2025-08-04,107.77,120608112134.77
MU,2025-08-05,109.06,122051783515.06
MU,2025-08-06,108.78,121738428486.78
MU,2025-08-07,111.87,125196525048.87
MU,2025-08-08,118.89,133052783257.89
NCLH,2025-07-14,23.27,9668897572.28
NCLH,2025-07-15,22.74,9811875724.92
NCLH,2025-07-16,23.05,10343575730.05
NCLH,2025-07-17,23.6,10106768164.74
NCLH,2025-07-18,23.59,10397192537.29
NDAQ,2025-08-07,96.45,55342551090.9
NDAQ,2025-08-08,96.85,55572069187.7
NEE,2025-08-08,72.41,149113376297.08
NEM,2025-08-07,69.07,75869922505.75
NEM,2025-08-08,68.98,75771062030.5
NFLX,2025-07-22,1190.08,505696345847.68
NFLX,2025-07-23,1176.78,500044825445.88
NFLX,2025-07-24,1180.76,501736032302.96
NFLX,2025-07-25,1180.49,501621302189.54
NFLX,2025-07-28,1174.6,499118486011.6
NI,2025-07-25,42.18,19854248912.52
NI,2025-07-28,41.27,19425909260.78
NI,2025-07-29,42.18,19854248912.52
NI,2025-07-30,42.47,19990752757.58
NI,2025-07-31,42.45,19981338699.3
NKE,2025-07-14,72.25,109105216799.04
NKE,2025-07-15,71.99,108573860223.72
NKE,2025-07-16,72.1,110138410139.94
NKE,2025-07-17,72.98,107201189070.81
NRG,2025-07-28,158.54,30996223255.12
NRG,2025-07-29,159.87,31256252124.36
NRG,2025-07-30,166.59,32570082200.52
NRG,2025-07-31,167.2,32689343561.6
NRG,2025-08-01,167.63,32773413045.64
NSC,2025-07-14,262.89,58885842461.2
NSC,2025-07-15,259.49,58624328000.04
NSC,2025-07-16,260.32,59323202853.14
NSC,2025-07-17,269.81,60096474061.57
NSC,2025-07-18,276.66,59266841977.89
NTAP,2025-07-14,104.67,21371054838.92
NTAP,2025-07-15,103.47,21373058500.54
NTAP,2025-07-16,104.16,21322966960.04
NTRS,2025-07-28,129.78,24818218740.0
NTRS,2025-07-29,131.64,25098520707.24
NTRS,2025-07-30,131.56,25083267883.96
NTRS,2025-07-31,130.0,24785877350.0
NTRS,2025-08-01,127.06,24225335200.7
NVDA,2025-07-14,164.07,3902009130400.0
NVDA,2025-07-15,170.7,3972245294747.2
NVDA,2025-07-16,171.37,4001998114366.5
NVDA,2025-07-17,173.0,4021995911159.8
NVDA,2025-07-18,172.41,4001266487654.55
NVR,2025-07-29,7821.05,21715286103.9
NVR,2025-07-30,7633.4,21194272501.2
NVR,2025-07-31,7549.49,20961294875.82
NVR,2025-08-01,7760.68,21547667712.24
NVR,2025-08-04,7871.02,21854028708.36
NWS,2025-07-23,33.75,19073238277.5
NWS,2025-07-24,33.55,18959631265.3
NWS,2025-07-25,33.69,19038164624.34
NWS,2025-07-28,33.72,19054534219.92
NWS,2025-07-29,33.57,18969191296.02
NWSA,2025-07-14,29.73,16658002550.42
NWSA,2025-07-15,29.67,16612273872.54
NWSA,2025-07-16,29.88,16764374362.76
O,2025-08-05,57.2,51656172968.4
O,2025-08-06,56.91,51394279783.77
O,2025-08-07,57.09,52196530650.0
O,2025-08-08,57.44,52516530400.0
OMC,2025-07-15,70.78,14197941147.5
OMC,2025-07-16,74.05,14225071739.27
OMC,2025-07-17,70.86,14093340174.75
OMC,2025-07-18,71.06,14073967885.85
OMC,2025-07-21,70.41,13711706083.42
ON,2025-07-30,58.05,24258244335.3
ON,2025-07-31,56.36,23552018100.56
ON,2025-08-01,56.82,23744245359.72
ON,2025-08-04,47.97,19618482396.24
ON,2025-08-05,47.24,19319931382.08
ORCL,2025-07-16,241.3,660075755000.0
ORCL,2025-07-17,248.75,647604536480.0
ORCL,2025-07-18,245.45,644009230240.0
ORCL,2025-07-21,243.54,659963401680.0
ORCL,2025-07-22,238.11,668811225630.0
ORLY,2025-07-14,93.12,78337704843.0
ORLY,2025-07-15,91.19,79141256158.5
ORLY,2025-07-16,91.24,78970287793.5
ORLY,2025-07-17,91.59,78320608006.5
ORLY,2025-07-18,92.34,79602870744.0
OTIS,2025-07-31,85.69,33631202373.01
OTIS,2025-08-01,84.93,33332921198.97
OTIS,2025-08-04,85.41,33521309308.89
OTIS,2025-08-05,86.28,33862762758.12
OTIS,2025-08-06,86.97,34133570666.13
OXY,2025-07-29,45.46,44738671541.88
OXY,2025-07-30,44.41,43705332229.98
OXY,2025-07-31,43.94,43242789871.32
OXY,2025-08-01,43.41,42721199551.98
OXY,2025-08-04,42.86,42179926579.08
PAYX,2025-08-04,139.43,50228803770.11
PAYX,2025-08-05,139.18,50138742800.86
PAYX,2025-08-06,139.08,50102718413.16
PAYX,2025-08-07,140.52,50621469596.04
PAYX,2025-08-08,141.19,50862832993.63
PCG,2025-08-07,15.05,33077452900.1
PCG,2025-08-08,15.0,32967561030.0
PEG,2025-07-14,83.0,40718229456.0
PEG,2025-07-15,81.85,40703259518.7
PEG,2025-07-16,82.17,40997668285.6
PEG,2025-07-17,82.75,41192277470.5
PEG,2025-07-18,84.31,41416826530.0
PEP,2025-07-14,135.57,185150581081.6
PEP,2025-07-15,133.81,184382776539.2
PFE,2025-07-22,25.14,142930090857.18
PFE,2025-07-23,25.36,144180871286.32
PFE,2025-07-24,25.35,144124017630.45
PFE,2025-07-25,24.79,140940212901.73
PFE,2025-07-28,24.31,138211237419.97
PFG,2025-07-25,81.05,18170662232.7
PFG,2025-07-28,80.39,18022696321.86
PFG,2025-07-29,80.19,17898408000.0
PFG,2025-07-30,76.59,17061834896.19
PFG,2025-07-31,77.83,17338067763.03
PGR,2025-07-14,247.37,147517317524.52
PGR,2025-07-15,242.2,146796262443.63
PGR,2025-07-16,246.46,146186556000.0
PGR,2025-07-17,247.27,143607276000.0
PGR,2025-07-18,246.41,145008294000.0
PH,2025-07-18,722.58,90989438868.36
PH,2025-07-21,711.22,90548604754.56
PH,2025-07-22,721.12,92143274244.48
PH,2025-07-23,728.17,93044109172.68
PH,2025-07-24,729.62,93229387278.48
PHM,2025-07-14,112.84,21822511140.64
PHM,2025-07-15,108.0,22802600041.06
PHM,2025-07-16,109.29,23085202362.04
PHM,2025-07-17,109.28,22902813630.06
PHM,2025-07-18,108.66,22616202765.52
PKG,2025-07-17,202.24,18526882823.6
PKG,2025-07-18,199.81,18301033013.56
PKG,2025-07-21,201.39,17967207198.72
PKG,2025-07-22,205.29,18471995021.16
PKG,2025-07-23,206.32,18564674425.28
PLD,2025-07-25,110.29,102340958540.0
PLD,2025-07-28,107.12,99399433120.0
PLD,2025-07-29,109.72,101812040720.0
PLD,2025-07-30,108.49,100685554870.0
PLD,2025-07-31,106.78,99098567140.0
PLTR,2025-08-01,154.27,364063685485.19
PLTR,2025-08-04,160.66,379143525702.02
PLTR,2025-08-05,173.27,411055771286.67
PLTR,2025-08-06,179.54,425930358266.34
PLTR,2025-08-07,182.2,432240789106.2
PM,2025-07-14,180.75,276624233585.04
PM,2025-07-15,180.92,277028928052.36
PM,2025-07-16,183.27,281714044770.18
PNC,2025-07-14,197.39,78322267782.0
PNC,2025-07-15,192.14,77586513145.26
PNC,2025-07-16,193.93,77989484161.25
PNC,2025-07-17,195.99,77623077390.5
PNR,2025-08-06,102.55,16811150200.25
PNR,2025-08-07,102.06,16730823885.3
PNR,2025-08-08,102.72,16839018513.6
PNW,2025-08-08,92.62,11061351339.28
PODD,2025-07-14,292.01,20866868418.73
PODD,2025-07-15,289.99,20933724595.58
PODD,2025-07-16,288.27,20929502100.2
PODD,2025-07-17,283.45,20360872722.36
POOL,2025-07-24,326.34,12268821810.42
POOL,2025-07-25,324.9,12214684703.7
POOL,2025-07-28,321.48,12086109075.24
POOL,2025-07-29,316.48,11898133010.24
POOL,2025-07-30,312.24,11738729307.12
PPL,2025-07-14,34.76,24824482164.96
PPL,2025-07-15,35.35,24957549669.12
PPL,2025-07-16,35.16,25378930098.96
PPL,2025-07-17,35.61,25334574264.24
PPL,2025-07-18,35.98,25696813581.12
PSX,2025-07-24,124.32,50652597925.44
PSX,2025-07-25,124.97,50917432132.74
PSX,2025-07-28,127.69,52025661430.98
PSX,2025-07-29,128.41,51893596868.65
PSX,2025-07-30,124.4,50273058566.0
PTC,2025-07-28,204.0,24469361808.0
PTC,2025-07-29,204.19,24492151899.88
PTC,2025-07-30,202.51,24290639508.52
PTC,2025-07-31,214.81,25765998088.12
PTC,2025-08-01,212.11,25409230445.44
PWR,2025-07-30,411.11,60925973723.65
PWR,2025-07-31,406.13,60187944122.95
PWR,2025-08-01,395.17,58882678495.31
PWR,2025-08-04,393.62,58651719283.66
PWR,2025-08-05,389.12,57981192540.16
PYPL,2025-07-21,74.82,70955995203.84
PYPL,2025-07-22,76.0,73912495004.0
PYPL,2025-07-23,76.66,74554366671.14
PYPL,2025-07-24,77.82,75682504752.78
PYPL,2025-07-25,77.98,75838110005.42
RCL,2025-07-25,352.8,95806499241.6
RCL,2025-07-28,352.0,95589250944.0
RCL,2025-07-29,334.37,90801641585.64
RCL,2025-07-30,331.15,89949499609.0
RCL,2025-07-31,317.87,86342284284.2
REG,2025-07-14,69.93,12626944108.16
REGN,2025-07-22,560.93,60561086232.21
REGN,2025-07-23,572.39,61798370827.83
REGN,2025-07-24,564.64,60961638226.08
REGN,2025-07-25,563.1,60795371360.7
REGN,2025-07-28,558.63,60312765589.11
RF,2025-08-07,24.64,21986477842.56
RF,2025-08-08,24.92,22236324181.68
RL,2025-08-01,293.77,17794527566.07
RL,2025-08-04,304.45,18441447109.95
RL,2025-08-05,299.24,18125861826.84
RL,2025-08-06,302.96,18351193353.36
RL,2025-08-07,283.34,17163117061.88
RMD,2025-07-23,273.37,40083532064.63
RMD,2025-07-24,273.5,40102593626.5
RMD,2025-07-25,275.16,40345995108.84
RMD,2025-07-28,273.5,40102593626.5
RMD,2025-07-29,277.7,40718428702.3
ROK,2025-07-14,343.17,38115074668.65
ROK,2025-07-15,346.59,38352906422.46
ROK,2025-07-16,351.67,38881546671.45
ROL,2025-07-24,58.03,28124033841.68
ROL,2025-07-25,58.09,28152737774.27
ROL,2025-07-28,57.26,27750486571.78
ROL,2025-07-29,57.32,27779564971.96
ROL,2025-07-30,57.64,27934649772.92
ROP,2025-08-08,534.38,57506675269.12
ROST,2025-07-14,131.17,43029397742.76
ROST,2025-07-15,127.59,42914923060.41
ROST,2025-07-16,129.1,42800448378.06
ROST,2025-07-17,130.48,42901840239.57
RSG,2025-07-14,244.17,74783660181.03
RSG,2025-07-15,241.86,75158656596.63
RSG,2025-07-16,241.35,75027407851.17
RTX,2025-07-18,151.5,199431178785.6
RTX,2025-07-21,151.56,198629606523.6
RTX,2025-07-22,149.17,199284223870.9
RTX,2025-07-23,156.49,209468410507.23
RTX,2025-07-24,155.22,207768462386.94
RVTY,2025-08-07,86.46,10035635266.8
RVTY,2025-08-08,86.84,10079742847.2
SBAC,2025-07-28,226.75,24363181413.5
SBAC,2025-07-29,228.92,24596337328.24
SBAC,2025-07-30,226.98,24387893791.56
SBAC,2025-07-31,224.72,24145067815.84
SBAC,2025-08-01,228.57,24558731535.54
SBUX,2025-07-30,92.76,105440292000.0
SBUX,2025-07-31,89.16,101348172000.0
SBUX,2025-08-01,86.86,98733762000.0
SBUX,2025-08-04,89.78,102052926000.0
SBUX,2025-08-05,90.2,102530340000.0
SCHW,2025-07-21,96.25,166452656786.63
SCHW,2025-07-22,95.39,173320804834.37
SCHW,2025-07-23,95.15,172884731942.45
SCHW,2025-07-24,96.5,175337641959.5
SCHW,2025-07-25,97.06,176355145373.98
SHW,2025-07-14,344.5,86707801372.0
SHW,2025-07-15,339.05,88096128596.28
SHW,2025-07-16,339.86,88168802765.06
SHW,2025-07-17,339.9,86690259331.26
SHW,2025-07-18,340.07,86331900499.0
SJM,2025-07-15,104.35,11113238528.92
SJM,2025-07-16,107.6,11165513530.16
SJM,2025-07-17,108.9,11176181897.76
SJM,2025-07-18,106.16,11170847713.96
SJM,2025-07-21,105.22,11132441590.6
SMCI,2025-07-16,53.22,30055736652.56
SMCI,2025-07-17,52.75,29387300889.04
SMCI,2025-07-18,51.77,29679741535.58
SMCI,2025-07-21,51.5,31732794237.82
SMCI,2025-07-22,49.86,29757327829.56
SO,2025-07-29,95.2,104738434528.0
SO,2025-07-30,94.9,104408376436.0
SO,2025-07-31,94.48,103932479013.36
SO,2025-08-01,94.99,104493503190.93
SO,2025-08-04,96.0,105604551072.0
SOLV,2025-07-14,74.07,12989810183.76
SOLV,2025-07-15,73.68,12835828683.18
SOLV,2025-07-16,73.03,13128220521.36
SOLV,2025-07-17,73.86,12768353643.6
SOLV,2025-07-18,73.28,12815067132.54
SPG,2025-07-30,165.46,54010286952.94
SPG,2025-07-31,163.79,53465157137.81
SPG,2025-08-01,160.68,52449975266.52
SPG,2025-08-04,163.94,53514120893.66
SPG,2025-08-05,169.31,55278489703.53
SRE,2025-07-29,81.15,52923626337.0
SRE,2025-07-30,81.18,52943191448.4
SRE,2025-07-31,81.68,53269276638.4
SRE,2025-08-01,80.97,52806235668.6
SRE,2025-08-04,82.98,54117098132.4
STE,2025-07-31,226.49,22280043033.71
STE,2025-08-01,226.87,22317424005.73
STE,2025-08-04,228.43,22470882732.97
STE,2025-08-05,223.87,22022311068.73
STE,2025-08-06,221.21,21760644264.59
STLD,2025-07-15,128.86,20201603446.08
STLD,2025-07-16,127.47,20393108946.12
STLD,2025-07-17,131.15,20051665031.32
STLD,2025-07-18,131.63,19777025360.72
STLD,2025-07-21,134.53,19129766461.36
STX,2025-07-14,149.08,30659056879.61
STX,2025-07-15,149.05,30137001920.63
STX,2025-07-16,147.12,30665423403.5
STX,2025-07-17,146.72,31234166204.34
STX,2025-07-18,149.07,31637379384.04
STZ,2025-07-14,164.58,30066840393.3
STZ,2025-07-15,165.99,29800637350.24
STZ,2025-07-16,168.12,30343621040.72
STZ,2025-07-17,171.52,30355961579.14
STZ,2025-07-18,170.57,29014368759.48
SW,2025-07-29,48.2,25161008717.8
SW,2025-07-30,47.36,24722518109.44
SW,2025-07-31,44.38,23168951525.72
SW,2025-08-01,44.35,23153289773.9
SW,2025-08-04,44.06,23001892839.64
SWK,2025-07-15,69.8,11280090489.39
SWK,2025-07-16,69.51,11425520266.65
SWK,2025-07-17,70.82,11273901988.23
SWK,2025-07-18,70.11,11074322825.82
SWK,2025-07-21,69.57,10798934524.2
SYF,2025-08-01,67.53,25125046216.44
SYF,2025-08-04,69.25,25764985199.0
SYF,2025-08-05,69.99,26040307784.52
SYF,2025-08-06,69.45,25839396708.6
SYF,2025-08-07,68.45,25467339160.6
SYY,2025-07-18,78.41,37665205613.7
SYY,2025-07-21,78.72,37020485877.97
SYY,2025-07-22,80.2,38877084816.2
SYY,2025-07-23,80.76,39148545757.56
SYY,2025-07-24,79.86,38712269244.66
T,2025-07-14,27.16,203563585615.62
T,2025-07-15,27.02,202196421201.8
T,2025-07-16,26.95,198742532156.36
T,2025-07-17,26.99,194065390740.66
TAP,2025-08-06,50.21,9927697035.42
TAP,2025-08-07,49.5,9787313349.0
TAP,2025-08-08,50.69,10022604316.38
TDG,2025-07-14,1574.85,85941256758.5
TDG,2025-07-15,1575.57,85735685227.4
TDG,2025-07-16,1574.6,86470912370.05
TDG,2025-07-17,1595.25,86668058838.4
TDG,2025-07-18,1597.3,88454733812.25
TDY,2025-07-14,536.73,24134906157.3
TDY,2025-07-15,535.03,24360299611.56
TDY,2025-07-16,540.06,24719242201.92
TDY,2025-07-17,559.0,24869660702.58
TECH,2025-07-14,52.62,8258501100.6
TECH,2025-07-15,51.42,8244392044.05
TECH,2025-07-16,51.79,8529708520.95
TECH,2025-07-17,53.29,8487381351.3
TECH,2025-07-18,52.02,8249095062.9
TEL,2025-08-08,201.98,59681351552.18
TER,2025-07-23,93.03,14923899299.61
TER,2025-07-24,91.33,14651184811.71
TER,2025-07-25,90.15,14461888873.05
TER,2025-07-28,91.14,14620704957.18
TER,2025-07-29,90.55,14526056987.85
TFC,2025-07-14,45.67,59453068829.4
TFC,2025-07-15,44.37,59138779478.76
TFC,2025-07-16,44.36,59584022725.5
TFC,2025-07-17,45.01,59492354998.23
TFC,2025-07-18,44.25,59806644348.87
TGT,2025-07-23,107.43,48812528744.43
TGT,2025-07-24,105.82,48080999643.82
TGT,2025-07-25,106.05,48185503801.05
TGT,2025-07-28,106.43,48358162843.43
TGT,2025-07-29,104.18,47335839566.18
TJX,2025-07-24,126.26,140857628686.24
TJX,2025-07-25,126.44,141058439498.56
TJX,2025-07-28,125.39,139887043093.36
TJX,2025-07-29,126.37,140980346404.88
TJX,2025-07-30,125.81,140355601655.44
TMO,2025-07-14,425.34,160876580477.04
TMO,2025-07-15,417.99,158502143770.56
TMO,2025-07-16,416.31,162597952715.76
TMO,2025-07-17,424.98,164157002572.32
TMUS,2025-08-05,238.93,268896370749.34
TMUS,2025-08-06,239.22,269222742270.36
TMUS,2025-08-07,242.93,273398046901.34
TMUS,2025-08-08,244.98,275705155929.24
TPL,2025-07-23,931.28,21407636957.28
TPL,2025-07-24,969.44,22284833317.44
TPL,2025-07-25,979.29,22511258478.54
TPL,2025-07-28,976.57,22448732951.82
TPL,2025-07-29,993.62,22840666860.12
TPR,2025-08-07,108.48,22530227146.56
TPR,2025-08-08,109.09,22656918136.23
TRGP,2025-07-14,172.46,37832916209.6
TRGP,2025-07-15,169.31,37028099012.71
TRGP,2025-07-16,165.99,37038945605.66
TROW,2025-07-14,102.26,21974326617.12
TRV,2025-07-28,254.91,57388867409.31
TRV,2025-07-29,259.82,58494274568.62
TRV,2025-07-30,258.92,58291654111.72
TRV,2025-07-31,260.24,58588830781.84
TRV,2025-08-01,258.32,58156573807.12
TSCO,2025-07-25,59.33,31456940014.89
TSCO,2025-07-28,58.11,30810092436.63
TSCO,2025-07-29,58.59,31064589844.47
TSCO,2025-07-30,57.83,30661635615.39
TSCO,2025-07-31,56.95,30195057034.35
TSLA,2025-08-07,322.27,1031853354079.99
TSLA,2025-08-08,329.65,1063269226258.85
TTD,2025-07-14,75.43,36381204666.07
TTD,2025-07-15,80.4,37167506536.47
TTD,2025-07-16,81.13,37767061712.65
TTD,2025-07-17,81.44,37044646869.22
TTD,2025-07-18,80.21,37069218802.67
TTWO,2025-07-22,231.07,42259793366.56
TTWO,2025-07-23,228.73,41831836831.84
TTWO,2025-07-24,225.75,41286832356.0
TTWO,2025-07-25,224.75,41103944948.0
TTWO,2025-07-28,226.1,41350842948.8
TXN,2025-07-14,220.05,196802306473.77
TXN,2025-07-15,218.36,196584273174.81
TXN,2025-07-16,216.64,199554976873.14
TXT,2025-08-08,77.02,13725371820.9
TYL,2025-07-29,552.5,23825759165.0
TYL,2025-07-30,554.67,23919337259.82
TYL,2025-07-31,584.56,25289123653.6
TYL,2025-08-01,581.65,25163231786.5
TYL,2025-08-04,602.99,26086438811.9
UBER,2025-07-30,87.64,183269972108.72
UBER,2025-07-31,87.75,183500000599.5
UBER,2025-08-01,86.91,181743419397.18
UBER,2025-08-04,88.43,184921994906.14
UBER,2025-08-05,89.39,186929516280.22
UHS,2025-07-18,168.94,11821590279.3
UHS,2025-07-21,168.75,11402083314.36
UHS,2025-07-22,162.68,10483163295.92
UHS,2025-07-23,164.82,10621065739.08
UHS,2025-07-24,155.46,10017903651.24
ULTA,2025-07-16,485.08,21400400364.7
ULTA,2025-07-17,490.07,21431862288.2
ULTA,2025-07-18,493.3,21559058350.35
ULTA,2025-07-21,497.41,21294328736.9
ULTA,2025-07-22,502.74,22595953457.7
UNP,2025-07-31,221.97,131637053728.74
UNP,2025-08-01,219.4,130112941334.8
UNP,2025-08-04,222.06,131690427314.52
UNP,2025-08-05,222.97,132230093570.74
UNP,2025-08-06,225.46,133706762777.32
UPS,2025-07-17,99.5,85755213813.62
UPS,2025-07-18,99.22,84781396336.72
UPS,2025-07-21,98.9,84281785631.18
UPS,2025-07-22,101.14,85645130098.84
UPS,2025-07-23,103.53,87668976855.18
URI,2025-08-04,868.57,55884855192.54
URI,2025-08-05,867.08,55788986771.76
URI,2025-08-06,861.26,55414520859.72
URI,2025-08-07,854.61,54986651733.42
URI,2025-08-08,858.97,55267179461.34
USB,2025-07-15,45.69,73694704675.9
USB,2025-07-16,45.68,74115372123.31
USB,2025-07-17,45.21,73445420262.62
USB,2025-07-18,45.69,73320778055.98
USB,2025-07-21,45.78,71186280267.27
VICI,2025-07-24,33.41,35304584979.43
VICI,2025-07-25,33.38,35272883765.74
VICI,2025-07-28,32.49,34332414426.27
VICI,2025-07-29,32.87,34733963133.01
VICI,2025-07-30,32.53,34689008878.34
VLO,2025-08-04,135.04,41950411509.76
VLO,2025-08-05,136.83,42506478131.52
VLO,2025-08-06,133.46,41459581754.24
VLO,2025-08-07,132.59,41189314736.96
VLO,2025-08-08,133.29,41406770957.76
VLTO,2025-07-21,102.11,25021584808.65
VLTO,2025-07-22,102.54,25415684064.18
VLTO,2025-07-23,101.81,25234745412.27
VLTO,2025-07-24,103.27,25596622716.09
VLTO,2025-07-25,103.28,25599101327.76
VMC,2025-07-28,270.11,35682480706.76
VMC,2025-07-29,273.92,36185795102.72
VMC,2025-07-30,272.77,36033876059.32
VMC,2025-07-31,274.67,36284872739.72
VMC,2025-08-01,274.94,36326216000.52
VRSK,2025-07-14,305.62,42320528655.58
VRSN,2025-08-05,268.23,25054987168.62
VRSN,2025-08-06,273.22,25521096052.68
VRSN,2025-08-07,273.99,25593020670.06
VRSN,2025-08-08,271.89,25396862622.66
VRTX,2025-08-07,375.63,96308020235.13
VRTX,2025-08-08,366.54,93977429217.54
VST,2025-07-14,194.81,64534151011.72
VST,2025-07-15,191.37,66851788257.54
VST,2025-07-16,184.13,66434409954.12
VST,2025-07-17,182.0,66705875517.32
VST,2025-07-18,193.01,66105257958.74
VTRS,2025-07-14,9.14,10868294986.64
VTRS,2025-07-15,8.93,10833084527.72
VTRS,2025-07-16,9.08,10856558167.0
VZ,2025-07-22,42.96,181130311105.44
VZ,2025-07-23,42.84,180624360515.76
VZ,2025-07-24,43.08,181636261695.12
VZ,2025-07-25,43.08,181639272728.64
VZ,2025-07-28,42.36,178603518866.88
WAB,2025-07-28,197.01,33679485400.77
WAB,2025-07-29,192.78,32956353462.06
WAB,2025-07-30,190.64,32590513663.28
WAB,2025-07-31,192.05,32831557642.85
WAB,2025-08-01,186.89,31949439249.53
WAT,2025-07-30,299.07,17797383247.23
WAT,2025-07-31,288.76,17183844539.64
WAT,2025-08-01,290.31,17276083627.59
WAT,2025-08-04,285.59,16999496286.7
WAT,2025-08-05,281.19,16737590114.7
WDC,2025-07-17,67.02,23074815061.1
WDC,2025-07-18,68.0,23350428969.45
WDC,2025-07-21,68.74,23559755988.45
WDC,2025-07-22,67.06,23395783156.9
WDC,2025-07-23,69.32,24184248261.8
WELL,2025-07-31,165.07,110403098245.94
WELL,2025-08-01,166.24,111185624598.08
WELL,2025-08-04,168.78,112884442490.76
WELL,2025-08-05,169.69,113493074097.98
WELL,2025-08-06,168.96,113004831160.32
WFC,2025-07-16,79.91,265229522481.2
WFC,2025-07-17,79.71,265841392433.5
WFC,2025-07-18,80.64,268675316423.1
WFC,2025-07-21,80.28,253958233886.2
WFC,2025-07-22,82.38,265293929844.6
WM,2025-07-15,225.84,90843600582.0
WM,2025-07-16,225.86,90803359784.4
WM,2025-07-17,225.7,90948226655.76
WM,2025-07-18,227.32,92272148896.8
WM,2025-07-21,225.3,90879817299.84
WMB,2025-07-18,59.35,72088216616.16
WMB,2025-07-21,57.68,71270142342.23
WMB,2025-07-22,57.36,70036925899.44
WMB,2025-07-23,57.71,70464278132.09
WMB,2025-07-24,58.75,71734124766.25
WMT,2025-07-14,95.78,774818799542.76
WMT,2025-07-15,95.39,772584282456.84
WMT,2025-07-16,95.15,757022467037.04
WMT,2025-07-17,95.09,753351474681.6
WMT,2025-07-18,95.05,764364451747.92
WTW,2025-08-04,320.67,31280714273.97
WTW,2025-08-05,324.5,31654323079.5
WTW,2025-08-06,325.54,31755772990.14
WTW,2025-08-07,325.2,31722606673.2
WTW,2025-08-08,327.85,31981108849.35
WY,2025-08-01,25.08,18095495880.0
WY,2025-08-04,25.27,18232582970.0
WY,2025-08-05,25.8,18614983800.0
WY,2025-08-06,25.55,18434606050.0
WY,2025-08-07,25.71,18550047810.0
WYNN,2025-07-21,106.36,11605527411.0
WYNN,2025-07-22,107.71,11261543760.71
WYNN,2025-07-23,107.64,11254224959.64
WYNN,2025-07-24,108.45,11338913943.45
WYNN,2025-07-25,109.44,11442422701.44
XEL,2025-08-05,73.73,43605852030.21
XEL,2025-08-06,73.3,43351538774.1
XEL,2025-08-07,73.23,43310138941.71
XEL,2025-08-08,73.33,43369281559.41
XOM,2025-08-05,107.24,457190610532.04
XOM,2025-08-06,106.51,454078440206.71
XOM,2025-08-07,105.95,451691021874.95
XOM,2025-08-08,106.8,455314781842.8
XYL,2025-07-14,130.97,31978756355.51
XYZ,2025-07-28,80.57,49552080830.0
XYZ,2025-07-29,78.18,48082185420.0
XYZ,2025-07-30,77.59,47719324210.0
XYZ,2025-07-31,77.26,47516367940.0
XYZ,2025-08-01,74.03,45529856570.0
YUM,2025-07-22,148.53,41286067333.53
YUM,2025-07-23,147.79,41080373602.79
YUM,2025-07-24,145.83,40535563180.83
YUM,2025-07-25,146.7,40777392296.7
YUM,2025-07-28,144.29,40107497849.29
ZBH,2025-07-14,93.86,18492842652.18
ZBH,2025-07-15,94.03,18835119508.8
ZBRA,2025-08-06,308.31,15676068504.81
ZBRA,2025-08-07,316.01,16067576167.51
ZBRA,2025-08-08,317.66,16151470666.66
ZTS,2025-07-23,153.45,68317175732.85
ZTS,2025-07-24,152.82,68036694659.46
ZTS,2025-07-25,152.12,67725049022.36
ZTS,2025-07-28,150.75,67115113989.75
ZTS,2025-07-29,151.01,67230868083.53
